,folds,test_auc,test_acc
0,0,0.7626050420168068,0.7945205479452055
1,1,0.623015873015873,0.6351351351351351
2,2,0.798989898989899,0.6986301369863014
3,3,0.7946428571428571,0.7027027027027026
4,4,0.7132936507936508,0.7297297297297297
5,5,0.7590027700831026,0.7631578947368421
6,6,0.7103174603174603,0.6891891891891893
7,7,0.5208333333333333,0.6756756756756757
8,8,0.6484848484848484,0.6575342465753424
9,9,0.6875,0.7887323943661972
