,folds,test_auc,test_acc
0,0,0.6351744186046512,0.7083333333333333
1,1,0.6720670391061453,0.8492462311557789
2,2,0.46501547987616104,0.7724867724867726
3,3,0.5867977528089888,0.8232323232323232
4,4,0.5581954887218046,0.6907216494845361
5,5,0.6733146067415731,0.8484848484848485
6,6,0.5657125269313634,0.7578947368421053
7,7,0.5740641711229946,0.7922705314009661
8,8,0.6497076023391812,0.8219895287958116
9,9,0.5921931176168465,0.8040201005025126
