,folds,test_auc,test_acc
0,0,0.7533333333333333,0.8660714285714286
1,1,0.6644880174291938,0.8288288288288288
2,2,0.5454545454545454,0.7722772277227723
3,3,0.82421875,0.8269230769230769
4,4,0.7547892720306513,0.7604166666666666
5,5,0.6284013605442177,0.7454545454545455
6,6,0.8203921568627451,0.8200000000000001
7,7,0.7750333778371162,0.7933884297520661
8,8,0.6747491638795987,0.8
9,9,0.7782705099778271,0.8817204301075269
