,folds,test_auc,test_acc
0,0,0.7251128534093609,0.8300970873786407
1,1,0.69625,0.847926267281106
2,2,0.7069159720657805,0.8240740740740741
3,3,0.7078924162257495,0.7934272300469484
4,4,0.7363253856942497,0.8133971291866029
5,5,0.6161012900143334,0.8390243902439024
6,6,0.6971095457857663,0.8663366336633663
7,7,0.7453457446808511,0.8584905660377359
8,8,0.7700676982591875,0.8380952380952381
9,9,0.6603852596314908,0.8609865470852018
