,folds,test_auc,test_acc
0,0,0.8504761904761904,0.8169014084507042
1,1,0.8237547892720306,0.7894736842105263
2,2,0.6700083542188805,0.6585365853658536
3,3,0.8430913348946136,0.8170731707317074
4,4,0.7988095238095239,0.8028169014084507
5,5,0.80859375,0.8
6,6,0.6159420289855072,0.6941176470588235
7,7,0.8342105263157894,0.8571428571428572
8,8,0.7581845238095237,0.7176470588235294
9,9,0.9223468507333908,0.9
