,folds,test_auc,test_acc
0,0,0.5618466898954704,0.5797101449275363
1,1,0.568815331010453,0.5797101449275363
2,2,0.67989417989418,0.6521739130434783
3,3,0.5093537414965986,0.5142857142857142
4,4,0.7066326530612245,0.6285714285714286
5,5,0.5935374149659863,0.6142857142857143
6,6,0.582010582010582,0.6231884057971014
7,7,0.6075837742504409,0.5942028985507246
8,8,0.6011904761904762,0.5428571428571429
9,9,0.6102292768959435,0.6086956521739131
