,folds,test_auc,test_acc
0,0,0.6380471380471381,0.7130434782608696
1,1,0.7378167641325536,0.7864077669902912
2,2,0.74375,0.7264150943396226
3,3,0.7535569105691057,0.7264150943396226
4,4,0.7625000000000001,0.7948717948717949
5,5,0.6222784810126583,0.7211538461538461
6,6,0.6801125703564727,0.6851851851851851
7,7,0.7787012987012987,0.7156862745098039
8,8,0.6581896551724138,0.7431192660550459
9,9,0.7428861788617886,0.7547169811320755
