,folds,test_auc,test_acc
0,0,0.8397435897435898,0.8173076923076923
1,1,0.8984615384615384,0.8446601941747574
2,2,0.864654778235025,0.8055555555555556
3,3,0.7308235294117646,0.7727272727272727
4,4,0.9492473118279571,0.864406779661017
5,5,0.8112820512820512,0.7920792079207921
6,6,0.8734117647058823,0.8363636363636364
7,7,0.8942436412315931,0.8363636363636364
8,8,0.8532702237521514,0.7387387387387387
9,9,0.875609756097561,0.8037383177570093
