,folds,test_auc,test_acc
0,0,0.577937649880096,0.9517241379310345
1,1,0.5673758865248226,0.9251700680272109
2,2,0.5452380952380953,0.8835616438356164
3,3,0.27499999999999997,0.8835616438356164
4,4,0.4842995169082126,0.9097222222222222
5,5,0.592326139088729,0.9103448275862069
6,6,0.6606714628297362,0.903448275862069
7,7,0.6522781774580335,0.9310344827586207
8,8,0.5772946859903382,0.9027777777777778
9,9,0.6968599033816426,0.9236111111111112
