,folds,test_auc,test_acc
0,0,0.27904040404040403,0.875
1,1,0.5526960784313726,0.8918918918918919
2,2,0.6635802469135803,0.8503401360544218
3,3,0.687037037037037,0.8299319727891157
4,4,0.6425925925925926,0.8571428571428572
5,5,0.7277777777777777,0.8707482993197279
6,6,0.5928030303030303,0.8541666666666666
7,7,0.608641975308642,0.8775510204081632
8,8,0.45710784313725494,0.8581081081081081
9,9,0.5335820895522388,0.815068493150685
