,folds,test_auc,test_acc
0,0,0.5796747967479675,0.5841584158415842
1,1,0.629769392033543,0.5918367346938775
2,2,0.6436911487758946,0.5769230769230769
3,3,0.6923373122834039,0.6764705882352942
4,4,0.5904634581105168,0.5263157894736843
5,5,0.5866993064055488,0.51
6,6,0.5990196078431372,0.5714285714285714
7,7,0.5806324110671937,0.594059405940594
8,8,0.5707442888725129,0.6476190476190475
9,9,0.7317171717171718,0.6599999999999999
