,folds,test_auc,test_acc
0,0,0.562962962962963,0.819047619047619
1,1,0.5882352941176471,0.6727272727272727
2,2,0.623342175066313,0.74
3,3,0.6418632788868723,0.679245283018868
4,4,0.6352657004830917,0.6363636363636364
5,5,0.5958254269449715,0.7909090909090909
6,6,0.5313243457573354,0.7636363636363637
7,7,0.6298611111111111,0.7452830188679245
8,8,0.36363636363636365,0.6346153846153846
9,9,0.47785855915399866,0.8018867924528301
