,folds,test_auc,test_acc
0,0,0.7411327231121282,0.7461538461538462
1,1,0.8324050632911393,0.7884615384615384
2,2,0.7663770053475936,0.7377049180327868
3,3,0.7784615384615384,0.7227722772277227
4,4,0.8300477897252091,0.7364341085271318
5,5,0.7456854444806252,0.6333333333333333
6,6,0.7449845679012347,0.663716814159292
7,7,0.7469771607702642,0.6981132075471699
8,8,0.7945113788487281,0.7478991596638656
9,9,0.7420112781954887,0.7211538461538461
