,folds,test_auc,test_acc
0,0,0.7350762527233116,0.6875
1,1,0.6658536585365854,0.6635514018691588
2,2,0.8038461538461539,0.7924528301886793
3,3,0.7438961038961039,0.6764705882352942
4,4,0.8305555555555555,0.788135593220339
5,5,0.6990740740740741,0.691588785046729
6,6,0.8253968253968254,0.7211538461538461
7,7,0.8219373219373219,0.7619047619047619
8,8,0.8144599303135889,0.7636363636363637
9,9,0.7369901547116737,0.6886792452830188
