,folds,test_auc,test_acc
0,0,0.78125,0.7659574468085106
1,1,0.6572649572649573,0.7096774193548387
2,2,0.5883256528417818,0.8130841121495327
3,3,0.6054216867469879,0.7373737373737373
4,4,0.6941015089163237,0.696969696969697
5,5,0.7030129124820661,0.797979797979798
6,6,0.8058608058608059,0.7173913043478262
7,7,0.7043189368770764,0.83
8,8,0.6685393258426967,0.7378640776699029
9,9,0.6942508710801394,0.7916666666666666
