,folds,test_auc,test_acc
0,0,0.8391203703703705,0.78125
1,1,0.7478787878787879,0.7628865979381443
2,2,0.8640873015873016,0.81
3,3,0.8815384615384615,0.8349514563106796
4,4,0.6914546640574039,0.7021276595744681
5,5,0.854691075514874,0.8080808080808081
6,6,0.8354876615746181,0.7938144329896908
7,7,0.9214046822742475,0.8712871287128713
8,8,0.7664307381193124,0.8073394495412844
9,9,0.7995482778091473,0.8200000000000001
