,folds,test_auc,test_acc
0,0,0.5148809523809524,0.5135135135135135
1,1,0.48813209494324045,0.7162162162162162
2,2,0.5843253968253969,0.6891891891891893
3,3,0.5922619047619048,0.6756756756756757
4,4,0.6408730158730159,0.6621621621621622
5,5,0.6237816764132553,0.6799999999999999
6,6,0.48214285714285715,0.45945945945945943
7,7,0.4206349206349207,0.6351351351351351
8,8,0.555672268907563,0.6712328767123288
9,9,0.44146825396825395,0.6081081081081081
