,folds,test_auc,test_acc
0,0,0.7714398111723053,0.7433628318584071
1,1,0.7607142857142857,0.7037037037037037
2,2,0.6895711500974658,0.7281553398058253
3,3,0.6620535714285714,0.7407407407407407
4,4,0.7659208261617899,0.7117117117117118
5,5,0.6860759493670886,0.7115384615384616
6,6,0.6589285714285714,0.7037037037037037
7,7,0.7666666666666666,0.7281553398058253
8,8,0.7645569620253165,0.6923076923076923
9,9,0.7907407407407407,0.7476635514018692
