,folds,test_auc,test_acc
0,0,0.47023809523809523,0.472972972972973
1,1,0.5647321428571428,0.5810810810810811
2,2,0.6658986175115207,0.6575342465753424
3,3,0.5833333333333334,0.5675675675675675
4,4,0.59375,0.5675675675675675
5,5,0.5372023809523809,0.5810810810810811
6,6,0.5391705069124424,0.547945205479452
7,7,0.6837797619047619,0.7162162162162162
8,8,0.6858678955453148,0.5753424657534247
9,9,0.6369047619047619,0.6351351351351351
