,folds,test_auc,test_acc
0,0,0.6346573548668704,0.6759259259259259
1,1,0.5635897435897436,0.6601941747572815
2,2,0.6006533278889341,0.6090909090909091
3,3,0.6899038461538461,0.7452830188679245
4,4,0.715609756097561,0.6448598130841121
5,5,0.5941295546558705,0.6568627450980392
6,6,0.5815811606391926,0.5495495495495495
7,7,0.6494644595910419,0.7238095238095238
8,8,0.5771604938271604,0.6605504587155964
9,9,0.7082926829268292,0.6261682242990654
