,folds,test_auc,test_acc
0,0,0.7139414163885799,0.8232558139534883
1,1,0.7295698924731182,0.7677725118483412
2,2,0.6438665912945167,0.7594339622641509
3,3,0.7253433208489387,0.8097560975609757
4,4,0.6695011337868481,0.815668202764977
5,5,0.7759216589861752,0.8504672897196262
6,6,0.6232339089481945,0.7238095238095238
7,7,0.6923076923076923,0.780952380952381
8,8,0.5833333333333334,0.7251184834123223
9,9,0.7533449680046539,0.8394495412844036
