,folds,test_auc,test_acc
0,0,0.5192307692307693,0.65625
1,1,0.73986856516977,0.6952380952380952
2,2,0.8333333333333334,0.8210526315789474
3,3,0.6734177215189874,0.7575757575757576
4,4,0.7057387057387058,0.7575757575757576
5,5,0.6328502415458938,0.7403846153846154
6,6,0.7266500622665006,0.8210526315789474
7,7,0.7575187969924813,0.7835051546391752
8,8,0.8513513513513513,0.8421052631578947
9,9,0.6361111111111111,0.6464646464646464
