,folds,test_auc,test_acc
0,0,0.7140974967061924,0.7415730337078652
1,1,0.7654584221748401,0.7045454545454546
2,2,0.7387964148527528,0.7311827956989247
3,3,0.8280337443218688,0.7555555555555555
4,4,0.8171355498721228,0.7472527472527473
5,5,0.8238636363636364,0.7444444444444445
6,6,0.8249496981891348,0.8369565217391304
7,7,0.828033744321869,0.7888888888888889
8,8,0.7726190476190475,0.7659574468085106
9,9,0.7507246376811594,0.7142857142857143
