,folds,test_auc,test_acc
0,0,0.711111111111111,0.7397260273972603
1,1,0.6919191919191918,0.726027397260274
2,2,0.6408730158730158,0.7432432432432432
3,3,0.7434343434343433,0.7671232876712328
4,4,0.7073412698412698,0.7567567567567568
5,5,0.7430555555555556,0.7027027027027026
6,6,0.7504873294346979,0.76
7,7,0.7331349206349206,0.7297297297297297
8,8,0.7969696969696969,0.7945205479452055
9,9,0.6706349206349206,0.7702702702702703
