,folds,test_auc,test_acc
0,0,0.7559523809523809,0.7567567567567568
1,1,0.6218487394957984,0.6438356164383562
2,2,0.7906746031746031,0.7972972972972973
3,3,0.7371031746031746,0.7567567567567568
4,4,0.5853174603174602,0.6891891891891893
5,5,0.7063492063492063,0.6756756756756757
6,6,0.6468253968253969,0.6891891891891893
7,7,0.7017543859649122,0.7432432432432432
8,8,0.7373949579831933,0.726027397260274
9,9,0.6919786096256684,0.75
