,folds,test_auc,test_acc
0,0,0.8884848484848484,0.7938144329896908
1,1,0.765625,0.7674418604651163
2,2,0.9258391881342701,0.8658536585365854
3,3,0.7115384615384616,0.6538461538461539
4,4,0.8964646464646464,0.8222222222222222
5,5,0.8289141414141414,0.7765957446808511
6,6,0.793854033290653,0.7741935483870968
7,7,0.8234126984126984,0.8108108108108107
8,8,0.8228571428571428,0.7386363636363636
9,9,0.8378378378378378,0.8617021276595744
