,folds,test_auc,test_acc
0,0,0.6700770341839191,0.6701570680628273
1,1,0.6351028216164515,0.6910994764397906
2,2,0.6376262626262627,0.6565656565656566
3,3,0.6495066495066495,0.63
4,4,0.6333789329685362,0.6446700507614214
5,5,0.6731594202898552,0.654639175257732
6,6,0.6930017605633804,0.6934673366834171
7,7,0.6306022408963586,0.634020618556701
8,8,0.6633189861310378,0.6387434554973822
9,9,0.6635135135135134,0.6568627450980392
