,folds,test_auc,test_acc
0,0,0.5972789115646259,0.7478991596638656
1,1,0.6398809523809523,0.859504132231405
2,2,0.7607816711590296,0.8916666666666666
3,3,0.4993990384615385,0.775
4,4,0.5960227272727273,0.7619047619047619
5,5,0.7897574123989218,0.775
6,6,0.7065420560747664,0.8032786885245902
7,7,0.7343124165554072,0.7933884297520661
8,8,0.6020408163265306,0.7647058823529411
9,9,0.6975757575757575,0.744
