,folds,test_auc,test_acc
0,0,0.7661241711874623,0.76
1,1,0.7088541666666667,0.7692307692307692
2,2,0.5808270676691729,0.625
3,3,0.5851190476190476,0.6732673267326732
4,4,0.6206140350877192,0.6699999999999999
5,5,0.43575674439871975,0.5277777777777778
6,6,0.5611594202898551,0.6326530612244898
7,7,0.601923076923077,0.6698113207547169
8,8,0.6640624999999999,0.7307692307692308
9,9,0.5584210526315789,0.6138613861386139
