,folds,test_auc,test_acc
0,0,0.727437641723356,0.7142857142857143
1,1,0.7657028913260219,0.7419354838709677
2,2,0.8390151515151515,0.7835051546391752
3,3,0.9110779930452061,0.8297872340425532
4,4,0.7876370887337986,0.8064516129032258
5,5,0.8271662763466042,0.7708333333333334
6,6,0.8941798941798942,0.8333333333333334
7,7,0.8898225957049486,0.865979381443299
8,8,0.7483870967741936,0.711340206185567
9,9,0.8927472527472529,0.83
